{
  "name": "hangout-hub-backend",
  "version": "1.0.0",
  "description": "HangoutHub - Video conferencing and chat app backend",
  "main": "server.js",
  "type": "module",
  "scripts": {
    "start": "node server.js",
    "dev": "nodemon server.js"
  },
  "dependencies": {
    "express": "^4.18.2",
    "socket.io": "^4.7.2",
    "mongoose": "^7.6.0",
    "cors": "^2.8.5",
    "dotenv": "^16.3.1"
  },
  "devDependencies": {
    "nodemon": "^3.0.1"
  },
  "keywords": ["video-call", "chat", "webrtc", "socket.io"],
  "author": "Your Name",
  "license": "MIT"
}